<?xml version="1.0" encoding="UTF-8"?>
<beans:beans xmlns:mvc="http://www.springframework.org/schema/mvc"
	xmlns:xsi="http://www.w3.org/2001/XMLSchema-instance"
	xmlns:beans="http://www.springframework.org/schema/beans"
	xmlns:context="http://www.springframework.org/schema/context"
	xsi:schemaLocation="http://www.springframework.org/schema/mvc https://www.springframework.org/schema/mvc/spring-mvc.xsd
		http://www.springframework.org/schema/beans https://www.springframework.org/schema/beans/spring-beans.xsd
		http://www.springframework.org/schema/context https://www.springframework.org/schema/context/spring-context.xsd">

	<!-- DispatcherServlet Context: defines this servlet's request-processing infrastructure -->
	<!-- <context:annotation-config/>가 driven에 포함되어있다 -->	
	<!-- Enables the Spring MVC @Controller programming model -->
	<!-- 핸들러어댑터, 핸들러 매핑 -->
	<mvc:annotation-driven />

	<!-- 정적자원 매핑 resource폴더안에 파일은 컨트롤러를 실행하지 않고 곧바로 실행 -->
	<!-- Handles HTTP GET requests for /resources/** by efficiently serving up static resources in the ${webappRoot}/resources directory -->
	<mvc:resources mapping="/resources/**" location="/resources/" />

	<!-- Resolves views selected for rendering by @Controllers to .jsp resources in the /WEB-INF/views directory -->
	<!-- 뷰리졸버 - 뷰합성기 -->
	<beans:bean class="org.springframework.web.servlet.view.InternalResourceViewResolver">
		<beans:property name="prefix" value="/WEB-INF/views/" />
		<beans:property name="suffix" value=".jsp" />
	</beans:bean>
		
	
	<!-- 해당 패키지를 읽어서 @Controller가 붙어있는 클래스를 bean으로 생성 -->
	<context:component-scan base-package="com.simple.controller" />
	<!-- <beans:bean id="serviceImpl" class="com.simple.service.ScoreServiceImpl"/> -->	
	
	<!-- @service 컴포넌트를 읽어서 bean으로 생성 -->
	<context:component-scan base-package="com.simple.service" />
	
	<!-- @Repositoty 컴포넌트를 읽어서 bean으로 생성 -->
	<context:component-scan base-package="com.simple.dao" />
	
	
	
</beans:beans>
